"first_name","last_name","email"
"Aaron                                             ","Mitchell                                          ","aaronmitchell@yahoo.ca"
"Alexandre                                         ","Rocha                                             ","alero@uol.com.br"
"Astrid                                            ","Gruber                                            ","astrid.gruber@apple.at"
"Bjørn                                             ","Hansen                                            ","bjorn.hansen@yahoo.no"
"Camille                                           ","Bernard                                           ","camille.bernard@yahoo.fr"
"Daan                                              ","Peeters                                           ","daan_peeters@apple.be"
"Diego                                             ","Gutiérrez                                         ","diego.gutierrez@yahoo.ar"
"Dan                                               ","Miller                                            ","dmiller@comcast.com"
"Dominique                                         ","Lefebvre                                          ","dominiquelefebvre@gmail.com"
"Edward                                            ","Francis                                           ","edfrancis@yachoo.ca"
"Eduardo                                           ","Martins                                           ","eduardo@woodstock.com.br"
"Ellie                                             ","Sullivan                                          ","ellie.sullivan@shaw.ca"
"Emma                                              ","Jones                                             ","emma_jones@hotmail.com"
"Enrique                                           ","Muñoz                                             ","enrique_munoz@yahoo.es"
"Fernanda                                          ","Ramos                                             ","fernadaramos4@uol.com.br"
"Frank                                             ","Harris                                            ","fharris@google.com"
"Frank                                             ","Ralston                                           ","fralston@gmail.com"
"François                                          ","Tremblay                                          ","ftremblay@gmail.com"
"Fynn                                              ","Zimmermann                                        ","fzimmermann@yahoo.de"
"Hannah                                            ","Schneider                                         ","hannah.schneider@yahoo.de"
"Helena                                            ","Holý                                              ","hholy@gmail.com"
"Heather                                           ","Leacock                                           ","hleacock@gmail.com"
"Hugh                                              ","O'Reilly                                          ","hughoreilly@apple.ie"
"Isabelle                                          ","Mercier                                           ","isabelle_mercier@apple.fr"
"Jack                                              ","Smith                                             ","jacksmith@microsoft.com"
"Jennifer                                          ","Peterson                                          ","jenniferp@rogers.ca"
"João                                              ","Fernandes                                         ","jfernandes@yahoo.pt"
"Joakim                                            ","Johansson                                         ","joakim.johansson@yahoo.se"
"Johannes                                          ","Van der Berg                                      ","johavanderberg@yahoo.nl"
"John                                              ","Gordon                                            ","johngordon22@yahoo.com"
"Julia                                             ","Barnett                                           ","jubarnett@gmail.com"
"Kathy                                             ","Chase                                             ","kachase@hotmail.com"
"Kara                                              ","Nielsen                                           ","kara.nielsen@jubii.dk"
"Ladislav                                          ","Kovács                                            ","ladislav_kovacs@apple.hu"
"Leonie                                            ","Köhler                                            ","leonekohler@surfeu.de"
"Lucas                                             ","Mancini                                           ","lucas.mancini@yahoo.it"
"Luís                                              ","Gonçalves                                         ","luisg@embraer.com.br"
"Luis                                              ","Rojas                                             ","luisrojas@yahoo.cl"
"Manoj                                             ","Pareek                                            ","manoj.pareek@rediff.com"
"Marc                                              ","Dubois                                            ","marc.dubois@hotmail.com"
"Mark                                              ","Taylor                                            ","mark.taylor@yahoo.au"
"Martha                                            ","Silk                                              ","marthasilk@gmail.com"
"Madalena                                          ","Sampaio                                           ","masampaio@sapo.pt"
"Michelle                                          ","Brooks                                            ","michelleb@aol.com"
"Mark                                              ","Philips                                           ","mphilips12@shaw.ca"
"Niklas                                            ","Schröder                                          ","nschroder@surfeu.de"
"Patrick                                           ","Gray                                              ","patrick.gray@aol.com"
"Phil                                              ","Hughes                                            ","phil.hughes@gmail.com"
"Puja                                              ","Srivastava                                        ","puja_srivastava@yahoo.in"
"R                                                 ","Madhav                                            ","r.madhav@jetbrains.com"
"Richard                                           ","Cunningham                                        ","ricunningham@hotmail.com"
"Robert                                            ","Brown                                             ","robbrown@shaw.ca"
"Roberto                                           ","Almeida                                           ","roberto.almeida@riotur.gov.br"
"Stanisław                                         ","Wójcik                                            ","stanisław.wójcik@wp.pl"
"Steve                                             ","Murray                                            ","steve.murray@yahoo.uk"
"Terhi                                             ","Hämäläinen                                        ","terhi.hamalainen@apple.fi"
"Tim                                               ","Goyer                                             ","tgoyer@apple.com"
"Victor                                            ","Stevens                                           ","vstevens@yahoo.com"
"Wyatt                                             ","Girard                                            ","wyatt.girard@yahoo.fr"
